LOCATION,INDICATOR,SUBJECT,MEASURE,FREQUENCY,TIME,Value,Flag Codes
AUT,GDP,TOT,USD_CAP,A,1970,3829.731721,E
AUT,GDP,TOT,USD_CAP,A,1971,4210.441192,E
AUT,GDP,TOT,USD_CAP,A,1972,4638.534351,E
AUT,GDP,TOT,USD_CAP,A,1973,5103.430018,E
AUT,GDP,TOT,USD_CAP,A,1974,5772.158418,E
AUT,GDP,TOT,USD_CAP,A,1975,6300.543674,E
AUT,GDP,TOT,USD_CAP,A,1976,6963.477714,E
AUT,GDP,TOT,USD_CAP,A,1977,7768.883976,E
AUT,GDP,TOT,USD_CAP,A,1978,8304.538089,E
AUT,GDP,TOT,USD_CAP,A,1979,9491.450941,E
AUT,GDP,TOT,USD_CAP,A,1980,10527.9981,E
AUT,GDP,TOT,USD_CAP,A,1981,11478.23485,E
AUT,GDP,TOT,USD_CAP,A,1982,12423.59736,E
AUT,GDP,TOT,USD_CAP,A,1983,13315.53543,E
AUT,GDP,TOT,USD_CAP,A,1984,13803.86345,E
AUT,GDP,TOT,USD_CAP,A,1985,14589.37557,E
AUT,GDP,TOT,USD_CAP,A,1986,15216.03718,E
AUT,GDP,TOT,USD_CAP,A,1987,15793.91642,E
AUT,GDP,TOT,USD_CAP,A,1988,16866.05059,E
AUT,GDP,TOT,USD_CAP,A,1989,18126.71073,E
AUT,GDP,TOT,USD_CAP,A,1990,19473.50451,E
AUT,GDP,TOT,USD_CAP,A,1991,20618.03694,E
AUT,GDP,TOT,USD_CAP,A,1992,21293.74118,E
AUT,GDP,TOT,USD_CAP,A,1993,21733.35372,E
AUT,GDP,TOT,USD_CAP,A,1994,22643.34432,E
AUT,GDP,TOT,USD_CAP,A,1995,23698.62927,
AUT,GDP,TOT,USD_CAP,A,1996,24561.1605,
AUT,GDP,TOT,USD_CAP,A,1997,25427.22674,
AUT,GDP,TOT,USD_CAP,A,1998,26676.2465,
AUT,GDP,TOT,USD_CAP,A,1999,27606.48424,
AUT,GDP,TOT,USD_CAP,A,2000,29380.03111,
AUT,GDP,TOT,USD_CAP,A,2001,29707.46226,
AUT,GDP,TOT,USD_CAP,A,2002,31178.05144,
AUT,GDP,TOT,USD_CAP,A,2003,32158.22591,
AUT,GDP,TOT,USD_CAP,A,2004,33784.43265,
AUT,GDP,TOT,USD_CAP,A,2005,35024.55748,
AUT,GDP,TOT,USD_CAP,A,2006,37659.84067,
AUT,GDP,TOT,USD_CAP,A,2007,39436.42013,
AUT,GDP,TOT,USD_CAP,A,2008,41316.02264,
AUT,GDP,TOT,USD_CAP,A,2009,40929.33675,
AUT,GDP,TOT,USD_CAP,A,2010,42020.55064,
AUT,GDP,TOT,USD_CAP,A,2011,44469.20964,
AUT,GDP,TOT,USD_CAP,A,2012,46477.65508,
AUT,GDP,TOT,USD_CAP,A,2013,47936.67796,
AUT,GDP,TOT,USD_CAP,A,2014,48813.53441,
AUT,GDP,TOT,USD_CAP,A,2015,49942.05629,
AUT,GDP,TOT,USD_CAP,A,2016,52665.08746,
AUT,GDP,TOT,USD_CAP,A,2017,54188.36067,
AUT,GDP,TOT,USD_CAP,A,2018,56956.11056,
AUT,GDP,TOT,USD_CAP,A,2019,59719.33165,
AUT,GDP,TOT,USD_CAP,A,2020,57253.30056,
AUT,GDP,TOT,USD_CAP,A,2021,59976.26467,
BEL,GDP,TOT,USD_CAP,A,1970,3876.36795,E
BEL,GDP,TOT,USD_CAP,A,1971,4210.433244,E
BEL,GDP,TOT,USD_CAP,A,1972,4606.148069,E
BEL,GDP,TOT,USD_CAP,A,1973,5140.661848,E
BEL,GDP,TOT,USD_CAP,A,1974,5820.63869,E
BEL,GDP,TOT,USD_CAP,A,1975,6258.089288,E
BEL,GDP,TOT,USD_CAP,A,1976,6964.342545,E
BEL,GDP,TOT,USD_CAP,A,1977,7435.042458,E
BEL,GDP,TOT,USD_CAP,A,1978,8177.509638,E
BEL,GDP,TOT,USD_CAP,A,1979,9056.835512,E
BEL,GDP,TOT,USD_CAP,A,1980,10306.81705,E
BEL,GDP,TOT,USD_CAP,A,1981,11242.56201,E
BEL,GDP,TOT,USD_CAP,A,1982,11998.44108,E
BEL,GDP,TOT,USD_CAP,A,1983,12500.93812,E
BEL,GDP,TOT,USD_CAP,A,1984,13270.03267,E
BEL,GDP,TOT,USD_CAP,A,1985,13912.99231,E
BEL,GDP,TOT,USD_CAP,A,1986,14448.96258,E
BEL,GDP,TOT,USD_CAP,A,1987,15130.90566,E
BEL,GDP,TOT,USD_CAP,A,1988,16348.19407,E
BEL,GDP,TOT,USD_CAP,A,1989,17514.81596,E
BEL,GDP,TOT,USD_CAP,A,1990,18687.89145,E
BEL,GDP,TOT,USD_CAP,A,1991,19599.30247,E
BEL,GDP,TOT,USD_CAP,A,1992,20269.73153,E
BEL,GDP,TOT,USD_CAP,A,1993,20471.13838,E
BEL,GDP,TOT,USD_CAP,A,1994,21518.98195,E
BEL,GDP,TOT,USD_CAP,A,1995,22447.55031,
BEL,GDP,TOT,USD_CAP,A,1996,22744.39956,
BEL,GDP,TOT,USD_CAP,A,1997,23733.31705,
BEL,GDP,TOT,USD_CAP,A,1998,24370.04646,
BEL,GDP,TOT,USD_CAP,A,1999,25441.89139,
BEL,GDP,TOT,USD_CAP,A,2000,27789.05351,
BEL,GDP,TOT,USD_CAP,A,2001,28791.40584,
BEL,GDP,TOT,USD_CAP,A,2002,30281.66799,
BEL,GDP,TOT,USD_CAP,A,2003,30934.59859,
BEL,GDP,TOT,USD_CAP,A,2004,32063.6738,
BEL,GDP,TOT,USD_CAP,A,2005,33176.68088,
BEL,GDP,TOT,USD_CAP,A,2006,35253.92329,
BEL,GDP,TOT,USD_CAP,A,2007,36794.2342,
BEL,GDP,TOT,USD_CAP,A,2008,37883.23342,
BEL,GDP,TOT,USD_CAP,A,2009,37753.27627,
BEL,GDP,TOT,USD_CAP,A,2010,39837.99795,
BEL,GDP,TOT,USD_CAP,A,2011,40943.34348,
BEL,GDP,TOT,USD_CAP,A,2012,42290.47767,
BEL,GDP,TOT,USD_CAP,A,2013,43672.71229,
BEL,GDP,TOT,USD_CAP,A,2014,44929.93333,
BEL,GDP,TOT,USD_CAP,A,2015,46201.68589,
BEL,GDP,TOT,USD_CAP,A,2016,48599.20268,
BEL,GDP,TOT,USD_CAP,A,2017,50442.94752,
BEL,GDP,TOT,USD_CAP,A,2018,52530.84151,
BEL,GDP,TOT,USD_CAP,A,2019,55800.82599,
BEL,GDP,TOT,USD_CAP,A,2020,54539.03253,P
BEL,GDP,TOT,USD_CAP,A,2021,58806.11925,P
CZE,GDP,TOT,USD_CAP,A,1990,12689.40152,E
CZE,GDP,TOT,USD_CAP,A,1991,11655.62003,E
CZE,GDP,TOT,USD_CAP,A,1992,11850.36547,E
CZE,GDP,TOT,USD_CAP,A,1993,12123.72874,E
CZE,GDP,TOT,USD_CAP,A,1994,12736.02198,E
CZE,GDP,TOT,USD_CAP,A,1995,13855.63267,
CZE,GDP,TOT,USD_CAP,A,1996,14689.90856,
CZE,GDP,TOT,USD_CAP,A,1997,14825.65829,
CZE,GDP,TOT,USD_CAP,A,1998,14977.57594,
CZE,GDP,TOT,USD_CAP,A,1999,15397.92282,
CZE,GDP,TOT,USD_CAP,A,2000,16210.1377,
CZE,GDP,TOT,USD_CAP,A,2001,17610.74958,
CZE,GDP,TOT,USD_CAP,A,2002,18245.66901,
CZE,GDP,TOT,USD_CAP,A,2003,19524.25779,
CZE,GDP,TOT,USD_CAP,A,2004,20912.04591,
CZE,GDP,TOT,USD_CAP,A,2005,22045.99888,
CZE,GDP,TOT,USD_CAP,A,2006,23855.58792,
CZE,GDP,TOT,USD_CAP,A,2007,26224.53077,
CZE,GDP,TOT,USD_CAP,A,2008,27853.5499,
CZE,GDP,TOT,USD_CAP,A,2009,27637.15866,
CZE,GDP,TOT,USD_CAP,A,2010,27768.00435,
CZE,GDP,TOT,USD_CAP,A,2011,28999.75476,
CZE,GDP,TOT,USD_CAP,A,2012,29258.90485,
CZE,GDP,TOT,USD_CAP,A,2013,30828.52641,
CZE,GDP,TOT,USD_CAP,A,2014,32504.21758,
CZE,GDP,TOT,USD_CAP,A,2015,33909.30924,
CZE,GDP,TOT,USD_CAP,A,2016,36101.2856,
CZE,GDP,TOT,USD_CAP,A,2017,38842.89627,
CZE,GDP,TOT,USD_CAP,A,2018,41157.37041,
CZE,GDP,TOT,USD_CAP,A,2019,44223.08816,
CZE,GDP,TOT,USD_CAP,A,2020,42813.74134,
CZE,GDP,TOT,USD_CAP,A,2021,44801.66688,
DNK,GDP,TOT,USD_CAP,A,1966,3478.770665,
DNK,GDP,TOT,USD_CAP,A,1967,3688.28276,
DNK,GDP,TOT,USD_CAP,A,1968,4005.784471,
DNK,GDP,TOT,USD_CAP,A,1969,4487.21877,
DNK,GDP,TOT,USD_CAP,A,1970,4248.616023,
DNK,GDP,TOT,USD_CAP,A,1971,4574.966245,
DNK,GDP,TOT,USD_CAP,A,1972,4931.453758,
DNK,GDP,TOT,USD_CAP,A,1973,5382.248817,
DNK,GDP,TOT,USD_CAP,A,1974,5774.289443,
DNK,GDP,TOT,USD_CAP,A,1975,6198.807187,
DNK,GDP,TOT,USD_CAP,A,1976,6909.665741,
DNK,GDP,TOT,USD_CAP,A,1977,7452.743667,
DNK,GDP,TOT,USD_CAP,A,1978,8128.990647,
DNK,GDP,TOT,USD_CAP,A,1979,9120.804886,
DNK,GDP,TOT,USD_CAP,A,1980,9885.074064,
DNK,GDP,TOT,USD_CAP,A,1981,10752.53347,
DNK,GDP,TOT,USD_CAP,A,1982,11846.76775,
DNK,GDP,TOT,USD_CAP,A,1983,12640.25607,
DNK,GDP,TOT,USD_CAP,A,1984,13649.89561,
DNK,GDP,TOT,USD_CAP,A,1985,14639.62873,
DNK,GDP,TOT,USD_CAP,A,1986,15645.44931,
DNK,GDP,TOT,USD_CAP,A,1987,16051.15136,
DNK,GDP,TOT,USD_CAP,A,1988,16605.36639,
DNK,GDP,TOT,USD_CAP,A,1989,17360.92203,
DNK,GDP,TOT,USD_CAP,A,1990,18248.05599,
DNK,GDP,TOT,USD_CAP,A,1991,19076.11451,
DNK,GDP,TOT,USD_CAP,A,1992,19827.27247,
DNK,GDP,TOT,USD_CAP,A,1993,20228.99902,
DNK,GDP,TOT,USD_CAP,A,1994,21691.64751,
DNK,GDP,TOT,USD_CAP,A,1995,22712.29888,
DNK,GDP,TOT,USD_CAP,A,1996,23746.74623,
DNK,GDP,TOT,USD_CAP,A,1997,24928.85643,
DNK,GDP,TOT,USD_CAP,A,1998,25821.16869,
DNK,GDP,TOT,USD_CAP,A,1999,26657.82737,
DNK,GDP,TOT,USD_CAP,A,2000,28670.72822,
DNK,GDP,TOT,USD_CAP,A,2001,29451.74236,
DNK,GDP,TOT,USD_CAP,A,2002,30639.95369,
DNK,GDP,TOT,USD_CAP,A,2003,30825.00165,
DNK,GDP,TOT,USD_CAP,A,2004,32948.15276,
DNK,GDP,TOT,USD_CAP,A,2005,34152.88166,
DNK,GDP,TOT,USD_CAP,A,2006,37330.82551,
DNK,GDP,TOT,USD_CAP,A,2007,39020.79979,
DNK,GDP,TOT,USD_CAP,A,2008,41282.99547,
DNK,GDP,TOT,USD_CAP,A,2009,40334.27111,
DNK,GDP,TOT,USD_CAP,A,2010,43007.73155,
DNK,GDP,TOT,USD_CAP,A,2011,44407.94207,
DNK,GDP,TOT,USD_CAP,A,2012,44808.54921,
DNK,GDP,TOT,USD_CAP,A,2013,46742.93966,
DNK,GDP,TOT,USD_CAP,A,2014,47905.47708,
DNK,GDP,TOT,USD_CAP,A,2015,49058.14234,
DNK,GDP,TOT,USD_CAP,A,2016,51967.02044,
DNK,GDP,TOT,USD_CAP,A,2017,55356.49009,
DNK,GDP,TOT,USD_CAP,A,2018,57479.35022,
DNK,GDP,TOT,USD_CAP,A,2019,59883.83628,
DNK,GDP,TOT,USD_CAP,A,2020,60840.94016,
DNK,GDP,TOT,USD_CAP,A,2021,64897.76911,
FIN,GDP,TOT,USD_CAP,A,1970,3383.40194,E
FIN,GDP,TOT,USD_CAP,A,1971,3633.964918,E
FIN,GDP,TOT,USD_CAP,A,1972,4059.661775,E
FIN,GDP,TOT,USD_CAP,A,1973,4555.65535,E
FIN,GDP,TOT,USD_CAP,A,1974,5098.998482,E
FIN,GDP,TOT,USD_CAP,A,1975,5647.296149,E
FIN,GDP,TOT,USD_CAP,A,1976,5960.516139,E
FIN,GDP,TOT,USD_CAP,A,1977,6328.351479,E
FIN,GDP,TOT,USD_CAP,A,1978,6951.293277,E
FIN,GDP,TOT,USD_CAP,A,1979,8043.50289,E
FIN,GDP,TOT,USD_CAP,A,1980,9214.081683,
FIN,GDP,TOT,USD_CAP,A,1981,10175.00797,
FIN,GDP,TOT,USD_CAP,A,1982,11077.35472,
FIN,GDP,TOT,USD_CAP,A,1983,11799.3419,
FIN,GDP,TOT,USD_CAP,A,1984,12553.61865,
FIN,GDP,TOT,USD_CAP,A,1985,13354.41902,
FIN,GDP,TOT,USD_CAP,A,1986,13953.23262,
FIN,GDP,TOT,USD_CAP,A,1987,14767.67086,
FIN,GDP,TOT,USD_CAP,A,1988,16039.38826,
FIN,GDP,TOT,USD_CAP,A,1989,17452.96529,
FIN,GDP,TOT,USD_CAP,A,1990,18147.2291,
FIN,GDP,TOT,USD_CAP,A,1991,17560.45385,
FIN,GDP,TOT,USD_CAP,A,1992,17271.40972,
FIN,GDP,TOT,USD_CAP,A,1993,17479.16654,
FIN,GDP,TOT,USD_CAP,A,1994,18480.03978,
FIN,GDP,TOT,USD_CAP,A,1995,19588.09924,
FIN,GDP,TOT,USD_CAP,A,1996,20088.20722,
FIN,GDP,TOT,USD_CAP,A,1997,21795.07734,
FIN,GDP,TOT,USD_CAP,A,1998,23578.01438,
FIN,GDP,TOT,USD_CAP,A,1999,24767.16397,
FIN,GDP,TOT,USD_CAP,A,2000,26788.42875,
FIN,GDP,TOT,USD_CAP,A,2001,27800.10418,
FIN,GDP,TOT,USD_CAP,A,2002,28605.12292,
FIN,GDP,TOT,USD_CAP,A,2003,29052.831,
FIN,GDP,TOT,USD_CAP,A,2004,31201.74722,
FIN,GDP,TOT,USD_CAP,A,2005,32051.76289,
FIN,GDP,TOT,USD_CAP,A,2006,34449.88856,
FIN,GDP,TOT,USD_CAP,A,2007,37842.67643,
FIN,GDP,TOT,USD_CAP,A,2008,40083.70194,
FIN,GDP,TOT,USD_CAP,A,2009,37974.10951,
FIN,GDP,TOT,USD_CAP,A,2010,38955.56386,
FIN,GDP,TOT,USD_CAP,A,2011,40916.64733,
FIN,GDP,TOT,USD_CAP,A,2012,40872.8548,
FIN,GDP,TOT,USD_CAP,A,2013,41492.91842,
FIN,GDP,TOT,USD_CAP,A,2014,41749.86473,
FIN,GDP,TOT,USD_CAP,A,2015,42490.21105,
FIN,GDP,TOT,USD_CAP,A,2016,44934.48825,
FIN,GDP,TOT,USD_CAP,A,2017,47570.27035,
FIN,GDP,TOT,USD_CAP,A,2018,49573.25577,
FIN,GDP,TOT,USD_CAP,A,2019,51811.35616,
FIN,GDP,TOT,USD_CAP,A,2020,52289.30316,
FIN,GDP,TOT,USD_CAP,A,2021,54889.94348,
FRA,GDP,TOT,USD_CAP,A,1960,1807.175059,
FRA,GDP,TOT,USD_CAP,A,1961,1892.960772,
FRA,GDP,TOT,USD_CAP,A,1962,2036.181205,
FRA,GDP,TOT,USD_CAP,A,1963,2138.997489,
FRA,GDP,TOT,USD_CAP,A,1964,2294.496424,
FRA,GDP,TOT,USD_CAP,A,1965,2456.145844,
FRA,GDP,TOT,USD_CAP,A,1966,2654.479048,
FRA,GDP,TOT,USD_CAP,A,1967,2838.087508,
FRA,GDP,TOT,USD_CAP,A,1968,3090.801782,
FRA,GDP,TOT,USD_CAP,A,1969,3480.062658,
FRA,GDP,TOT,USD_CAP,A,1970,3693.790203,
FRA,GDP,TOT,USD_CAP,A,1971,4048.79513,
FRA,GDP,TOT,USD_CAP,A,1972,4375.318384,
FRA,GDP,TOT,USD_CAP,A,1973,4868.686251,
FRA,GDP,TOT,USD_CAP,A,1974,5499.060939,
FRA,GDP,TOT,USD_CAP,A,1975,5923.159142,
FRA,GDP,TOT,USD_CAP,A,1976,6495.258997,
FRA,GDP,TOT,USD_CAP,A,1977,7105.549872,
FRA,GDP,TOT,USD_CAP,A,1978,7873.330348,
FRA,GDP,TOT,USD_CAP,A,1979,8790.781356,
FRA,GDP,TOT,USD_CAP,A,1980,9686.049008,
FRA,GDP,TOT,USD_CAP,A,1981,10655.43372,
FRA,GDP,TOT,USD_CAP,A,1982,11527.59083,
FRA,GDP,TOT,USD_CAP,A,1983,12062.46796,
FRA,GDP,TOT,USD_CAP,A,1984,12625.17054,
FRA,GDP,TOT,USD_CAP,A,1985,13169.92099,
FRA,GDP,TOT,USD_CAP,A,1986,13679.15714,
FRA,GDP,TOT,USD_CAP,A,1987,14298.69995,
FRA,GDP,TOT,USD_CAP,A,1988,15416.09593,
FRA,GDP,TOT,USD_CAP,A,1989,16617.11556,
FRA,GDP,TOT,USD_CAP,A,1990,17646.35633,
FRA,GDP,TOT,USD_CAP,A,1991,18342.39517,
FRA,GDP,TOT,USD_CAP,A,1992,18966.17806,
FRA,GDP,TOT,USD_CAP,A,1993,19210.09989,
FRA,GDP,TOT,USD_CAP,A,1994,20008.54316,
FRA,GDP,TOT,USD_CAP,A,1995,20783.12733,
FRA,GDP,TOT,USD_CAP,A,1996,21363.20684,
FRA,GDP,TOT,USD_CAP,A,1997,22247.83346,
FRA,GDP,TOT,USD_CAP,A,1998,23364.49867,
FRA,GDP,TOT,USD_CAP,A,1999,24311.40386,
FRA,GDP,TOT,USD_CAP,A,2000,26098.27686,
FRA,GDP,TOT,USD_CAP,A,2001,27498.59076,
FRA,GDP,TOT,USD_CAP,A,2002,28528.15611,
FRA,GDP,TOT,USD_CAP,A,2003,28178.37205,
FRA,GDP,TOT,USD_CAP,A,2004,29065.20308,
FRA,GDP,TOT,USD_CAP,A,2005,30504.05878,
FRA,GDP,TOT,USD_CAP,A,2006,32470.14639,
FRA,GDP,TOT,USD_CAP,A,2007,34132.16223,
FRA,GDP,TOT,USD_CAP,A,2008,35102.87043,
FRA,GDP,TOT,USD_CAP,A,2009,34687.98853,
FRA,GDP,TOT,USD_CAP,A,2010,35911.51601,
FRA,GDP,TOT,USD_CAP,A,2011,37447.94954,
FRA,GDP,TOT,USD_CAP,A,2012,37684.19807,
FRA,GDP,TOT,USD_CAP,A,2013,39528.47364,
FRA,GDP,TOT,USD_CAP,A,2014,40144.05949,
FRA,GDP,TOT,USD_CAP,A,2015,40829.89331,
FRA,GDP,TOT,USD_CAP,A,2016,42855.94456,
FRA,GDP,TOT,USD_CAP,A,2017,44445.59677,
FRA,GDP,TOT,USD_CAP,A,2018,46336.93399,
FRA,GDP,TOT,USD_CAP,A,2019,50221.99711,P
FRA,GDP,TOT,USD_CAP,A,2020,47823.91958,P
FRA,GDP,TOT,USD_CAP,A,2021,50998.9332,P
DEU,GDP,TOT,USD_CAP,A,1970,4045.402875,E
DEU,GDP,TOT,USD_CAP,A,1971,4348.039662,E
DEU,GDP,TOT,USD_CAP,A,1972,4708.819414,E
DEU,GDP,TOT,USD_CAP,A,1973,5188.263343,E
DEU,GDP,TOT,USD_CAP,A,1974,5703.812526,E
DEU,GDP,TOT,USD_CAP,A,1975,6201.674941,E
DEU,GDP,TOT,USD_CAP,A,1976,6898.546037,E
DEU,GDP,TOT,USD_CAP,A,1977,7587.160175,E
DEU,GDP,TOT,USD_CAP,A,1978,8374.034456,E
DEU,GDP,TOT,USD_CAP,A,1979,9442.518551,E
DEU,GDP,TOT,USD_CAP,A,1980,10413.98034,E
DEU,GDP,TOT,USD_CAP,A,1981,11442.89072,E
DEU,GDP,TOT,USD_CAP,A,1982,12114.71294,E
DEU,GDP,TOT,USD_CAP,A,1983,12822.0388,E
DEU,GDP,TOT,USD_CAP,A,1984,13708.06778,E
DEU,GDP,TOT,USD_CAP,A,1985,14503.9493,E
DEU,GDP,TOT,USD_CAP,A,1986,15130.19437,E
DEU,GDP,TOT,USD_CAP,A,1987,15716.06557,E
DEU,GDP,TOT,USD_CAP,A,1988,16787.86492,E
DEU,GDP,TOT,USD_CAP,A,1989,17996.32533,E
DEU,GDP,TOT,USD_CAP,A,1990,19480.98987,E
DEU,GDP,TOT,USD_CAP,A,1991,21007.38327,
DEU,GDP,TOT,USD_CAP,A,1992,21755.95195,
DEU,GDP,TOT,USD_CAP,A,1993,21932.56668,
DEU,GDP,TOT,USD_CAP,A,1994,22879.91186,
DEU,GDP,TOT,USD_CAP,A,1995,23673.41896,
DEU,GDP,TOT,USD_CAP,A,1996,24211.7378,
DEU,GDP,TOT,USD_CAP,A,1997,24731.37644,
DEU,GDP,TOT,USD_CAP,A,1998,25533.31983,
DEU,GDP,TOT,USD_CAP,A,1999,26510.2287,
DEU,GDP,TOT,USD_CAP,A,2000,27454.72864,
DEU,GDP,TOT,USD_CAP,A,2001,28662.90428,
DEU,GDP,TOT,USD_CAP,A,2002,29504.28924,
DEU,GDP,TOT,USD_CAP,A,2003,30270.77236,
DEU,GDP,TOT,USD_CAP,A,2004,31741.86242,
DEU,GDP,TOT,USD_CAP,A,2005,32236.74099,
DEU,GDP,TOT,USD_CAP,A,2006,34661.73713,
DEU,GDP,TOT,USD_CAP,A,2007,36862.53509,
DEU,GDP,TOT,USD_CAP,A,2008,38432.44821,
DEU,GDP,TOT,USD_CAP,A,2009,37467.08611,
DEU,GDP,TOT,USD_CAP,A,2010,39676.46095,
DEU,GDP,TOT,USD_CAP,A,2011,42541.51313,
DEU,GDP,TOT,USD_CAP,A,2012,43359.54105,
DEU,GDP,TOT,USD_CAP,A,2013,44993.66784,
DEU,GDP,TOT,USD_CAP,A,2014,47011.2804,
DEU,GDP,TOT,USD_CAP,A,2015,47609.55716,
DEU,GDP,TOT,USD_CAP,A,2016,50579.48372,
DEU,GDP,TOT,USD_CAP,A,2017,53071.47837,
DEU,GDP,TOT,USD_CAP,A,2018,55195.72205,
DEU,GDP,TOT,USD_CAP,A,2019,57397.20459,P
DEU,GDP,TOT,USD_CAP,A,2020,56476.93431,P
DEU,GDP,TOT,USD_CAP,A,2021,58784.13886,P
GRC,GDP,TOT,USD_CAP,A,1970,3099.135313,E
GRC,GDP,TOT,USD_CAP,A,1971,3496.475601,E
GRC,GDP,TOT,USD_CAP,A,1972,3992.005424,E
GRC,GDP,TOT,USD_CAP,A,1973,4531.119678,E
GRC,GDP,TOT,USD_CAP,A,1974,4603.853489,E
GRC,GDP,TOT,USD_CAP,A,1975,5300.904535,E
GRC,GDP,TOT,USD_CAP,A,1976,5896.950661,E
GRC,GDP,TOT,USD_CAP,A,1977,6349.9088,E
GRC,GDP,TOT,USD_CAP,A,1978,7194.715663,E
GRC,GDP,TOT,USD_CAP,A,1979,7947.935098,E
GRC,GDP,TOT,USD_CAP,A,1980,8638.641338,E
GRC,GDP,TOT,USD_CAP,A,1981,9226.819016,E
GRC,GDP,TOT,USD_CAP,A,1982,9625.515544,E
GRC,GDP,TOT,USD_CAP,A,1983,9837.346244,E
GRC,GDP,TOT,USD_CAP,A,1984,10345.73765,E
GRC,GDP,TOT,USD_CAP,A,1985,10898.86063,E
GRC,GDP,TOT,USD_CAP,A,1986,11138.98296,E
GRC,GDP,TOT,USD_CAP,A,1987,11118.64964,E
GRC,GDP,TOT,USD_CAP,A,1988,11961.38953,E
GRC,GDP,TOT,USD_CAP,A,1989,12834.91403,E
GRC,GDP,TOT,USD_CAP,A,1990,13222.23117,E
GRC,GDP,TOT,USD_CAP,A,1991,13974.82747,E
GRC,GDP,TOT,USD_CAP,A,1992,14288.76562,E
GRC,GDP,TOT,USD_CAP,A,1993,14314.48666,E
GRC,GDP,TOT,USD_CAP,A,1994,14845.21571,E
GRC,GDP,TOT,USD_CAP,A,1995,15433.58123,
GRC,GDP,TOT,USD_CAP,A,1996,16150.23418,
GRC,GDP,TOT,USD_CAP,A,1997,17156.1799,
GRC,GDP,TOT,USD_CAP,A,1998,18034.52923,
GRC,GDP,TOT,USD_CAP,A,1999,18464.72645,
GRC,GDP,TOT,USD_CAP,A,2000,19518.88733,
GRC,GDP,TOT,USD_CAP,A,2001,20958.05566,
GRC,GDP,TOT,USD_CAP,A,2002,22615.95744,
GRC,GDP,TOT,USD_CAP,A,2003,23897.58173,
GRC,GDP,TOT,USD_CAP,A,2004,25460.55072,
GRC,GDP,TOT,USD_CAP,A,2005,25577.44544,
GRC,GDP,TOT,USD_CAP,A,2006,28544.90907,
GRC,GDP,TOT,USD_CAP,A,2007,29323.44949,
GRC,GDP,TOT,USD_CAP,A,2008,30855.93577,
GRC,GDP,TOT,USD_CAP,A,2009,30360.76723,
GRC,GDP,TOT,USD_CAP,A,2010,27912.60063,B
GRC,GDP,TOT,USD_CAP,A,2011,25671.29122,
GRC,GDP,TOT,USD_CAP,A,2012,24911.06261,
GRC,GDP,TOT,USD_CAP,A,2013,25986.57671,
GRC,GDP,TOT,USD_CAP,A,2014,26625.18863,
GRC,GDP,TOT,USD_CAP,A,2015,26760.1522,
GRC,GDP,TOT,USD_CAP,A,2016,27511.77767,
GRC,GDP,TOT,USD_CAP,A,2017,28604.79458,
GRC,GDP,TOT,USD_CAP,A,2018,29617.49931,
GRC,GDP,TOT,USD_CAP,A,2019,31155.84702,
GRC,GDP,TOT,USD_CAP,A,2020,28413.78734,P
GRC,GDP,TOT,USD_CAP,A,2021,31177.25131,P
HUN,GDP,TOT,USD_CAP,A,1991,8347.800585,E
HUN,GDP,TOT,USD_CAP,A,1992,8294.055778,E
HUN,GDP,TOT,USD_CAP,A,1993,8466.339298,E
HUN,GDP,TOT,USD_CAP,A,1994,8930.605346,E
HUN,GDP,TOT,USD_CAP,A,1995,9192.794517,
HUN,GDP,TOT,USD_CAP,A,1996,9352.492261,
HUN,GDP,TOT,USD_CAP,A,1997,9825.03661,
HUN,GDP,TOT,USD_CAP,A,1998,10398.57617,
HUN,GDP,TOT,USD_CAP,A,1999,10873.24787,
HUN,GDP,TOT,USD_CAP,A,2000,11854.80224,
HUN,GDP,TOT,USD_CAP,A,2001,13210.001,
HUN,GDP,TOT,USD_CAP,A,2002,14526.38825,
HUN,GDP,TOT,USD_CAP,A,2003,15478.91432,
HUN,GDP,TOT,USD_CAP,A,2004,16268.93197,
HUN,GDP,TOT,USD_CAP,A,2005,17108.3406,
HUN,GDP,TOT,USD_CAP,A,2006,18381.07124,
HUN,GDP,TOT,USD_CAP,A,2007,19096.40591,
HUN,GDP,TOT,USD_CAP,A,2008,20721.50241,
HUN,GDP,TOT,USD_CAP,A,2009,20723.7884,
HUN,GDP,TOT,USD_CAP,A,2010,21742.34521,
HUN,GDP,TOT,USD_CAP,A,2011,23029.44718,
HUN,GDP,TOT,USD_CAP,A,2012,23267.44839,
HUN,GDP,TOT,USD_CAP,A,2013,24547.98046,
HUN,GDP,TOT,USD_CAP,A,2014,25691.52734,
HUN,GDP,TOT,USD_CAP,A,2015,26798.85423,
HUN,GDP,TOT,USD_CAP,A,2016,27941.92675,
HUN,GDP,TOT,USD_CAP,A,2017,29496.16375,
HUN,GDP,TOT,USD_CAP,A,2018,31908.66192,
HUN,GDP,TOT,USD_CAP,A,2019,34638.67196,
HUN,GDP,TOT,USD_CAP,A,2020,34156.84004,P
HUN,GDP,TOT,USD_CAP,A,2021,36677.80317,P
IRL,GDP,TOT,USD_CAP,A,1970,2458.73987,E
IRL,GDP,TOT,USD_CAP,A,1971,2647.885441,E
IRL,GDP,TOT,USD_CAP,A,1972,2896.871262,E
IRL,GDP,TOT,USD_CAP,A,1973,3148.861759,E
IRL,GDP,TOT,USD_CAP,A,1974,3520.019915,E
IRL,GDP,TOT,USD_CAP,A,1975,3995.832936,E
IRL,GDP,TOT,USD_CAP,A,1976,4207.005881,E
IRL,GDP,TOT,USD_CAP,A,1977,4770.293967,E
IRL,GDP,TOT,USD_CAP,A,1978,5403.411342,E
IRL,GDP,TOT,USD_CAP,A,1979,5934.828402,E
IRL,GDP,TOT,USD_CAP,A,1980,6605.466145,E
IRL,GDP,TOT,USD_CAP,A,1981,7379.778894,E
IRL,GDP,TOT,USD_CAP,A,1982,7929.434486,E
IRL,GDP,TOT,USD_CAP,A,1983,8161.253247,E
IRL,GDP,TOT,USD_CAP,A,1984,8763.870085,E
IRL,GDP,TOT,USD_CAP,A,1985,9288.409672,E
IRL,GDP,TOT,USD_CAP,A,1986,9432.219038,E
IRL,GDP,TOT,USD_CAP,A,1987,10113.3137,E
IRL,GDP,TOT,USD_CAP,A,1988,11053.75771,E
IRL,GDP,TOT,USD_CAP,A,1989,12227.67631,E
IRL,GDP,TOT,USD_CAP,A,1990,13775.10927,E
IRL,GDP,TOT,USD_CAP,A,1991,14433.41427,E
IRL,GDP,TOT,USD_CAP,A,1992,15131.43421,E
IRL,GDP,TOT,USD_CAP,A,1993,15822.62281,E
IRL,GDP,TOT,USD_CAP,A,1994,17033.48225,E
IRL,GDP,TOT,USD_CAP,A,1995,18985.14495,
IRL,GDP,TOT,USD_CAP,A,1996,20546.01127,
IRL,GDP,TOT,USD_CAP,A,1997,22697.69291,
IRL,GDP,TOT,USD_CAP,A,1998,25083.72821,
IRL,GDP,TOT,USD_CAP,A,1999,27041.62266,
IRL,GDP,TOT,USD_CAP,A,2000,30217.13525,
IRL,GDP,TOT,USD_CAP,A,2001,32592.93478,
IRL,GDP,TOT,USD_CAP,A,2002,35222.88196,
IRL,GDP,TOT,USD_CAP,A,2003,36280.36318,
IRL,GDP,TOT,USD_CAP,A,2004,38761.60211,
IRL,GDP,TOT,USD_CAP,A,2005,40465.54024,
IRL,GDP,TOT,USD_CAP,A,2006,44264.93992,
IRL,GDP,TOT,USD_CAP,A,2007,46765.46078,
IRL,GDP,TOT,USD_CAP,A,2008,44105.30562,
IRL,GDP,TOT,USD_CAP,A,2009,41438.86304,
IRL,GDP,TOT,USD_CAP,A,2010,43213.49148,
IRL,GDP,TOT,USD_CAP,A,2011,45100.56693,
IRL,GDP,TOT,USD_CAP,A,2012,46409.6824,
IRL,GDP,TOT,USD_CAP,A,2013,47882.0677,
IRL,GDP,TOT,USD_CAP,A,2014,51195.99196,
IRL,GDP,TOT,USD_CAP,A,2015,69165.90065,
IRL,GDP,TOT,USD_CAP,A,2016,71633.12881,
IRL,GDP,TOT,USD_CAP,A,2017,78051.65425,
IRL,GDP,TOT,USD_CAP,A,2018,84824.35299,
IRL,GDP,TOT,USD_CAP,A,2019,89846.27221,
IRL,GDP,TOT,USD_CAP,A,2020,94028.90116,
IRL,GDP,TOT,USD_CAP,A,2021,106852.1222,
ITA,GDP,TOT,USD_CAP,A,1970,3632.362895,E
ITA,GDP,TOT,USD_CAP,A,1971,3867.80056,E
ITA,GDP,TOT,USD_CAP,A,1972,4160.225583,E
ITA,GDP,TOT,USD_CAP,A,1973,4669.121946,E
ITA,GDP,TOT,USD_CAP,A,1974,5334.175403,E
ITA,GDP,TOT,USD_CAP,A,1975,5672.462756,E
ITA,GDP,TOT,USD_CAP,A,1976,6379.162128,E
ITA,GDP,TOT,USD_CAP,A,1977,6919.565277,E
ITA,GDP,TOT,USD_CAP,A,1978,7619.057497,E
ITA,GDP,TOT,USD_CAP,A,1979,8717.635197,E
ITA,GDP,TOT,USD_CAP,A,1980,9810.889889,E
ITA,GDP,TOT,USD_CAP,A,1981,10815.23229,E
ITA,GDP,TOT,USD_CAP,A,1982,11524.14944,E
ITA,GDP,TOT,USD_CAP,A,1983,12111.13187,E
ITA,GDP,TOT,USD_CAP,A,1984,12949.96319,E
ITA,GDP,TOT,USD_CAP,A,1985,13729.32907,E
ITA,GDP,TOT,USD_CAP,A,1986,14405.59774,E
ITA,GDP,TOT,USD_CAP,A,1987,15231.47838,E
ITA,GDP,TOT,USD_CAP,A,1988,16422.20812,E
ITA,GDP,TOT,USD_CAP,A,1989,17631.04584,E
ITA,GDP,TOT,USD_CAP,A,1990,18638.66373,E
ITA,GDP,TOT,USD_CAP,A,1991,19546.02043,E
ITA,GDP,TOT,USD_CAP,A,1992,20150.57448,E
ITA,GDP,TOT,USD_CAP,A,1993,20439.80511,E
ITA,GDP,TOT,USD_CAP,A,1994,21320.9835,E
ITA,GDP,TOT,USD_CAP,A,1995,22396.11722,
ITA,GDP,TOT,USD_CAP,A,1996,23059.47945,
ITA,GDP,TOT,USD_CAP,A,1997,23876.30122,
ITA,GDP,TOT,USD_CAP,A,1998,25022.24072,
ITA,GDP,TOT,USD_CAP,A,1999,25602.38648,
ITA,GDP,TOT,USD_CAP,A,2000,27076.13472,
ITA,GDP,TOT,USD_CAP,A,2001,28035.33339,
ITA,GDP,TOT,USD_CAP,A,2002,28721.07628,
ITA,GDP,TOT,USD_CAP,A,2003,29154.45206,
ITA,GDP,TOT,USD_CAP,A,2004,29481.84134,
ITA,GDP,TOT,USD_CAP,A,2005,30028.48898,
ITA,GDP,TOT,USD_CAP,A,2006,32306.68003,
ITA,GDP,TOT,USD_CAP,A,2007,33960.25594,
ITA,GDP,TOT,USD_CAP,A,2008,35292.60186,
ITA,GDP,TOT,USD_CAP,A,2009,34337.41901,
ITA,GDP,TOT,USD_CAP,A,2010,34839.41653,
ITA,GDP,TOT,USD_CAP,A,2011,36203.32852,
ITA,GDP,TOT,USD_CAP,A,2012,36091.37396,
ITA,GDP,TOT,USD_CAP,A,2013,36267.92535,
ITA,GDP,TOT,USD_CAP,A,2014,36475.97606,
ITA,GDP,TOT,USD_CAP,A,2015,37206.33182,
ITA,GDP,TOT,USD_CAP,A,2016,40267.22262,
ITA,GDP,TOT,USD_CAP,A,2017,41951.46633,
ITA,GDP,TOT,USD_CAP,A,2018,43427.66314,
ITA,GDP,TOT,USD_CAP,A,2019,45799.52693,
ITA,GDP,TOT,USD_CAP,A,2020,43129.89668,
ITA,GDP,TOT,USD_CAP,A,2021,46527.75037,
LUX,GDP,TOT,USD_CAP,A,1970,5484.004128,E
LUX,GDP,TOT,USD_CAP,A,1971,5860.39695,E
LUX,GDP,TOT,USD_CAP,A,1972,6438.150021,E
LUX,GDP,TOT,USD_CAP,A,1973,7273.619076,E
LUX,GDP,TOT,USD_CAP,A,1974,8155.092438,E
LUX,GDP,TOT,USD_CAP,A,1975,8234.48908,E
LUX,GDP,TOT,USD_CAP,A,1976,8863.39877,E
LUX,GDP,TOT,USD_CAP,A,1977,9543.379417,E
LUX,GDP,TOT,USD_CAP,A,1978,10613.27268,E
LUX,GDP,TOT,USD_CAP,A,1979,11734.24347,E
LUX,GDP,TOT,USD_CAP,A,1980,12852.22323,E
LUX,GDP,TOT,USD_CAP,A,1981,13952.52092,E
LUX,GDP,TOT,USD_CAP,A,1982,14973.94546,E
LUX,GDP,TOT,USD_CAP,A,1983,16021.17443,E
LUX,GDP,TOT,USD_CAP,A,1984,17611.70391,E
LUX,GDP,TOT,USD_CAP,A,1985,18645.31418,E
LUX,GDP,TOT,USD_CAP,A,1986,20823.27601,E
LUX,GDP,TOT,USD_CAP,A,1987,22037.65701,E
LUX,GDP,TOT,USD_CAP,A,1988,24534.13112,E
LUX,GDP,TOT,USD_CAP,A,1989,27719.75705,E
LUX,GDP,TOT,USD_CAP,A,1990,29946.25382,E
LUX,GDP,TOT,USD_CAP,A,1991,33183.28887,E
LUX,GDP,TOT,USD_CAP,A,1992,34090.33822,E
LUX,GDP,TOT,USD_CAP,A,1993,35852.69386,E
LUX,GDP,TOT,USD_CAP,A,1994,37471.3923,E
LUX,GDP,TOT,USD_CAP,A,1995,38264.9051,
LUX,GDP,TOT,USD_CAP,A,1996,39699.51228,
LUX,GDP,TOT,USD_CAP,A,1997,42445.9714,
LUX,GDP,TOT,USD_CAP,A,1998,44217.94756,
LUX,GDP,TOT,USD_CAP,A,1999,49744.96918,
LUX,GDP,TOT,USD_CAP,A,2000,55039.68215,
LUX,GDP,TOT,USD_CAP,A,2001,56091.22818,
LUX,GDP,TOT,USD_CAP,A,2002,58513.3936,
LUX,GDP,TOT,USD_CAP,A,2003,60115.00662,
LUX,GDP,TOT,USD_CAP,A,2004,64634.07135,
LUX,GDP,TOT,USD_CAP,A,2005,68707.78171,
LUX,GDP,TOT,USD_CAP,A,2006,78818.98902,
LUX,GDP,TOT,USD_CAP,A,2007,84994.14541,
LUX,GDP,TOT,USD_CAP,A,2008,90863.78408,
LUX,GDP,TOT,USD_CAP,A,2009,86804.64935,
LUX,GDP,TOT,USD_CAP,A,2010,90256.29524,
LUX,GDP,TOT,USD_CAP,A,2011,94278.92285,
LUX,GDP,TOT,USD_CAP,A,2012,96535.74583,
LUX,GDP,TOT,USD_CAP,A,2013,100561.3664,
LUX,GDP,TOT,USD_CAP,A,2014,104917.9457,
LUX,GDP,TOT,USD_CAP,A,2015,107898.3042,
LUX,GDP,TOT,USD_CAP,A,2016,112955.4702,
LUX,GDP,TOT,USD_CAP,A,2017,114862.5288,
LUX,GDP,TOT,USD_CAP,A,2018,116334.7247,
LUX,GDP,TOT,USD_CAP,A,2019,119252.8129,
LUX,GDP,TOT,USD_CAP,A,2020,119871.4294,
LUX,GDP,TOT,USD_CAP,A,2021,131277.9487,P
NLD,GDP,TOT,USD_CAP,A,1969,4086.836185,E
NLD,GDP,TOT,USD_CAP,A,1970,4419.615512,E
NLD,GDP,TOT,USD_CAP,A,1971,4785.274205,E
NLD,GDP,TOT,USD_CAP,A,1972,5065.04976,E
NLD,GDP,TOT,USD_CAP,A,1973,5606.217692,E
NLD,GDP,TOT,USD_CAP,A,1974,6321.377868,E
NLD,GDP,TOT,USD_CAP,A,1975,6856.167791,E
NLD,GDP,TOT,USD_CAP,A,1976,7517.615397,E
NLD,GDP,TOT,USD_CAP,A,1977,8089.372198,E
NLD,GDP,TOT,USD_CAP,A,1978,8807.411413,E
NLD,GDP,TOT,USD_CAP,A,1979,9665.105039,E
NLD,GDP,TOT,USD_CAP,A,1980,10793.08374,E
NLD,GDP,TOT,USD_CAP,A,1981,11640.30975,E
NLD,GDP,TOT,USD_CAP,A,1982,12150.69239,E
NLD,GDP,TOT,USD_CAP,A,1983,12837.74289,E
NLD,GDP,TOT,USD_CAP,A,1984,13655.84749,E
NLD,GDP,TOT,USD_CAP,A,1985,14386.35981,E
NLD,GDP,TOT,USD_CAP,A,1986,15003.2961,E
NLD,GDP,TOT,USD_CAP,A,1987,15567.55253,E
NLD,GDP,TOT,USD_CAP,A,1988,16562.86478,E
NLD,GDP,TOT,USD_CAP,A,1989,17868.89467,E
NLD,GDP,TOT,USD_CAP,A,1990,19182.74185,E
NLD,GDP,TOT,USD_CAP,A,1991,20152.01712,E
NLD,GDP,TOT,USD_CAP,A,1992,20805.4996,E
NLD,GDP,TOT,USD_CAP,A,1993,21414.18208,E
NLD,GDP,TOT,USD_CAP,A,1994,22385.86653,E
NLD,GDP,TOT,USD_CAP,A,1995,23447.5133,
NLD,GDP,TOT,USD_CAP,A,1996,24516.86566,
NLD,GDP,TOT,USD_CAP,A,1997,26016.97997,
NLD,GDP,TOT,USD_CAP,A,1998,27710.59373,
NLD,GDP,TOT,USD_CAP,A,1999,29268.68549,
NLD,GDP,TOT,USD_CAP,A,2000,31874.20797,
NLD,GDP,TOT,USD_CAP,A,2001,33185.76674,
NLD,GDP,TOT,USD_CAP,A,2002,34447.05337,
NLD,GDP,TOT,USD_CAP,A,2003,34151.73595,
NLD,GDP,TOT,USD_CAP,A,2004,35809.48481,
NLD,GDP,TOT,USD_CAP,A,2005,37625.25244,
NLD,GDP,TOT,USD_CAP,A,2006,41008.0753,
NLD,GDP,TOT,USD_CAP,A,2007,43943.22042,
NLD,GDP,TOT,USD_CAP,A,2008,46419.04259,
NLD,GDP,TOT,USD_CAP,A,2009,44560.37855,
NLD,GDP,TOT,USD_CAP,A,2010,45044.32212,
NLD,GDP,TOT,USD_CAP,A,2011,46599.22766,
NLD,GDP,TOT,USD_CAP,A,2012,47271.96823,
NLD,GDP,TOT,USD_CAP,A,2013,49242.78671,
NLD,GDP,TOT,USD_CAP,A,2014,49233.23035,
NLD,GDP,TOT,USD_CAP,A,2015,50288.35282,
NLD,GDP,TOT,USD_CAP,A,2016,52289.40429,
NLD,GDP,TOT,USD_CAP,A,2017,55089.58143,
NLD,GDP,TOT,USD_CAP,A,2018,57825.39971,
NLD,GDP,TOT,USD_CAP,A,2019,60207.71305,
NLD,GDP,TOT,USD_CAP,A,2020,59815.50154,P
NLD,GDP,TOT,USD_CAP,A,2021,63418.7472,P
POL,GDP,TOT,USD_CAP,A,1990,6205.209439,E
POL,GDP,TOT,USD_CAP,A,1991,5952.792425,E
POL,GDP,TOT,USD_CAP,A,1992,6231.110284,E
POL,GDP,TOT,USD_CAP,A,1993,6608.958097,E
POL,GDP,TOT,USD_CAP,A,1994,7101.596058,E
POL,GDP,TOT,USD_CAP,A,1995,7749.995924,
POL,GDP,TOT,USD_CAP,A,1996,8350.77382,
POL,GDP,TOT,USD_CAP,A,1997,9020.277064,
POL,GDP,TOT,USD_CAP,A,1998,9582.234118,
POL,GDP,TOT,USD_CAP,A,1999,10143.29528,
POL,GDP,TOT,USD_CAP,A,2000,10674.31829,
POL,GDP,TOT,USD_CAP,A,2001,11120.61504,
POL,GDP,TOT,USD_CAP,A,2002,11803.76136,
POL,GDP,TOT,USD_CAP,A,2003,12292.07259,
POL,GDP,TOT,USD_CAP,A,2004,13354.52728,
POL,GDP,TOT,USD_CAP,A,2005,13898.41301,
POL,GDP,TOT,USD_CAP,A,2006,15153.81561,
POL,GDP,TOT,USD_CAP,A,2007,16806.70684,
POL,GDP,TOT,USD_CAP,A,2008,18308.03899,
POL,GDP,TOT,USD_CAP,A,2009,19075.2742,
POL,GDP,TOT,USD_CAP,A,2010,20633.32702,
POL,GDP,TOT,USD_CAP,A,2011,22386.22712,
POL,GDP,TOT,USD_CAP,A,2012,23300.92291,
POL,GDP,TOT,USD_CAP,A,2013,24028.18672,
POL,GDP,TOT,USD_CAP,A,2014,25005.65569,
POL,GDP,TOT,USD_CAP,A,2015,26495.81492,
POL,GDP,TOT,USD_CAP,A,2016,27830.92774,
POL,GDP,TOT,USD_CAP,A,2017,29609.44637,
POL,GDP,TOT,USD_CAP,A,2018,31662.21054,
POL,GDP,TOT,USD_CAP,A,2019,34592.71136,
POL,GDP,TOT,USD_CAP,A,2020,34893.45977,
POL,GDP,TOT,USD_CAP,A,2021,37710.71133,
PRT,GDP,TOT,USD_CAP,A,1970,2078.218002,E
PRT,GDP,TOT,USD_CAP,A,1971,2348.844065,E
PRT,GDP,TOT,USD_CAP,A,1972,2650.781034,E
PRT,GDP,TOT,USD_CAP,A,1973,3108.135111,E
PRT,GDP,TOT,USD_CAP,A,1974,3379.187543,E
PRT,GDP,TOT,USD_CAP,A,1975,3400.014671,E
PRT,GDP,TOT,USD_CAP,A,1976,3727.268089,E
PRT,GDP,TOT,USD_CAP,A,1977,4136.444257,E
PRT,GDP,TOT,USD_CAP,A,1978,4503.018681,E
PRT,GDP,TOT,USD_CAP,A,1979,5096.686269,E
PRT,GDP,TOT,USD_CAP,A,1980,5749.623393,E
PRT,GDP,TOT,USD_CAP,A,1981,6340.964531,E
PRT,GDP,TOT,USD_CAP,A,1982,6834.176242,E
PRT,GDP,TOT,USD_CAP,A,1983,7058.93871,E
PRT,GDP,TOT,USD_CAP,A,1984,7151.684633,E
PRT,GDP,TOT,USD_CAP,A,1985,7568.313014,E
PRT,GDP,TOT,USD_CAP,A,1986,8040.443381,E
PRT,GDP,TOT,USD_CAP,A,1987,8779.958076,E
PRT,GDP,TOT,USD_CAP,A,1988,9795.883495,E
PRT,GDP,TOT,USD_CAP,A,1989,10869.37111,E
PRT,GDP,TOT,USD_CAP,A,1990,11766.71521,E
PRT,GDP,TOT,USD_CAP,A,1991,12732.02749,E
PRT,GDP,TOT,USD_CAP,A,1992,13169.35221,E
PRT,GDP,TOT,USD_CAP,A,1993,13191.3487,E
PRT,GDP,TOT,USD_CAP,A,1994,13570.3785,E
PRT,GDP,TOT,USD_CAP,A,1995,14407.38628,
PRT,GDP,TOT,USD_CAP,A,1996,14922.06946,
PRT,GDP,TOT,USD_CAP,A,1997,15788.98135,
PRT,GDP,TOT,USD_CAP,A,1998,16687.81233,
PRT,GDP,TOT,USD_CAP,A,1999,17718.19956,
PRT,GDP,TOT,USD_CAP,A,2000,18879.24878,
PRT,GDP,TOT,USD_CAP,A,2001,19528.01433,
PRT,GDP,TOT,USD_CAP,A,2002,20356.72156,
PRT,GDP,TOT,USD_CAP,A,2003,20852.03205,
PRT,GDP,TOT,USD_CAP,A,2004,21477.86547,
PRT,GDP,TOT,USD_CAP,A,2005,22725.35161,
PRT,GDP,TOT,USD_CAP,A,2006,24679.09911,
PRT,GDP,TOT,USD_CAP,A,2007,25735.87316,
PRT,GDP,TOT,USD_CAP,A,2008,26665.77158,
PRT,GDP,TOT,USD_CAP,A,2009,26460.43818,
PRT,GDP,TOT,USD_CAP,A,2010,27261.55633,
PRT,GDP,TOT,USD_CAP,A,2011,26769.42769,
PRT,GDP,TOT,USD_CAP,A,2012,26438.14047,
PRT,GDP,TOT,USD_CAP,A,2013,27936.0063,
PRT,GDP,TOT,USD_CAP,A,2014,28742.31313,
PRT,GDP,TOT,USD_CAP,A,2015,29660.8459,
PRT,GDP,TOT,USD_CAP,A,2016,31607.61019,
PRT,GDP,TOT,USD_CAP,A,2017,33044.70015,
PRT,GDP,TOT,USD_CAP,A,2018,34928.61899,
PRT,GDP,TOT,USD_CAP,A,2019,37299.00721,
PRT,GDP,TOT,USD_CAP,A,2020,34952.24306,P
PRT,GDP,TOT,USD_CAP,A,2021,36700.45415,P
SVK,GDP,TOT,USD_CAP,A,1992,7186.996118,E
SVK,GDP,TOT,USD_CAP,A,1993,7471.896861,E
SVK,GDP,TOT,USD_CAP,A,1994,8071.828947,E
SVK,GDP,TOT,USD_CAP,A,1995,8695.889475,
SVK,GDP,TOT,USD_CAP,A,1996,9407.185994,
SVK,GDP,TOT,USD_CAP,A,1997,10085.99257,
SVK,GDP,TOT,USD_CAP,A,1998,10622.86499,
SVK,GDP,TOT,USD_CAP,A,1999,10714.98961,
SVK,GDP,TOT,USD_CAP,A,2000,11352.87115,
SVK,GDP,TOT,USD_CAP,A,2001,12386.40559,
SVK,GDP,TOT,USD_CAP,A,2002,13307.8781,
SVK,GDP,TOT,USD_CAP,A,2003,14166.01713,
SVK,GDP,TOT,USD_CAP,A,2004,15197.88318,
SVK,GDP,TOT,USD_CAP,A,2005,16595.2616,
SVK,GDP,TOT,USD_CAP,A,2006,18848.6133,
SVK,GDP,TOT,USD_CAP,A,2007,21138.41903,
SVK,GDP,TOT,USD_CAP,A,2008,23608.97752,
SVK,GDP,TOT,USD_CAP,A,2009,22948.25156,
SVK,GDP,TOT,USD_CAP,A,2010,25222.34168,
SVK,GDP,TOT,USD_CAP,A,2011,26260.18476,
SVK,GDP,TOT,USD_CAP,A,2012,27000.73026,
SVK,GDP,TOT,USD_CAP,A,2013,28021.09042,
SVK,GDP,TOT,USD_CAP,A,2014,29029.58768,
SVK,GDP,TOT,USD_CAP,A,2015,30062.17965,
SVK,GDP,TOT,USD_CAP,A,2016,29737.53009,
SVK,GDP,TOT,USD_CAP,A,2017,30147.01598,
SVK,GDP,TOT,USD_CAP,A,2018,31374.188,
SVK,GDP,TOT,USD_CAP,A,2019,33461.91292,
SVK,GDP,TOT,USD_CAP,A,2020,32898.85299,
SVK,GDP,TOT,USD_CAP,A,2021,33941.41438,
ESP,GDP,TOT,USD_CAP,A,1970,2768.953781,E
ESP,GDP,TOT,USD_CAP,A,1971,3016.623038,E
ESP,GDP,TOT,USD_CAP,A,1972,3373.11233,E
ESP,GDP,TOT,USD_CAP,A,1973,3800.69142,E
ESP,GDP,TOT,USD_CAP,A,1974,4333.520469,E
ESP,GDP,TOT,USD_CAP,A,1975,4711.261903,E
ESP,GDP,TOT,USD_CAP,A,1976,5074.461145,E
ESP,GDP,TOT,USD_CAP,A,1977,5477.211284,E
ESP,GDP,TOT,USD_CAP,A,1978,5881.764578,E
ESP,GDP,TOT,USD_CAP,A,1979,6315.725401,E
ESP,GDP,TOT,USD_CAP,A,1980,6962.897089,E
ESP,GDP,TOT,USD_CAP,A,1981,7565.051834,E
ESP,GDP,TOT,USD_CAP,A,1982,8089.05306,E
ESP,GDP,TOT,USD_CAP,A,1983,8514.511002,E
ESP,GDP,TOT,USD_CAP,A,1984,8942.53598,E
ESP,GDP,TOT,USD_CAP,A,1985,9404.856505,E
ESP,GDP,TOT,USD_CAP,A,1986,9876.316916,E
ESP,GDP,TOT,USD_CAP,A,1987,10655.67021,E
ESP,GDP,TOT,USD_CAP,A,1988,11568.07038,E
ESP,GDP,TOT,USD_CAP,A,1989,12577.49994,E
ESP,GDP,TOT,USD_CAP,A,1990,13521.16068,E
ESP,GDP,TOT,USD_CAP,A,1991,14308.92851,E
ESP,GDP,TOT,USD_CAP,A,1992,14736.5513,E
ESP,GDP,TOT,USD_CAP,A,1993,14897.67323,E
ESP,GDP,TOT,USD_CAP,A,1994,15550.54177,E
ESP,GDP,TOT,USD_CAP,A,1995,16290.83407,
ESP,GDP,TOT,USD_CAP,A,1996,16982.55714,
ESP,GDP,TOT,USD_CAP,A,1997,17916.43016,
ESP,GDP,TOT,USD_CAP,A,1998,19101.97196,
ESP,GDP,TOT,USD_CAP,A,1999,19962.79211,
ESP,GDP,TOT,USD_CAP,A,2000,21594.38821,
ESP,GDP,TOT,USD_CAP,A,2001,23000.28315,
ESP,GDP,TOT,USD_CAP,A,2002,24376.32871,
ESP,GDP,TOT,USD_CAP,A,2003,25042.10789,
ESP,GDP,TOT,USD_CAP,A,2004,26182.02831,
ESP,GDP,TOT,USD_CAP,A,2005,27600.93718,
ESP,GDP,TOT,USD_CAP,A,2006,30741.22645,
ESP,GDP,TOT,USD_CAP,A,2007,32466.53163,
ESP,GDP,TOT,USD_CAP,A,2008,33242.24543,
ESP,GDP,TOT,USD_CAP,A,2009,32090.92345,
ESP,GDP,TOT,USD_CAP,A,2010,31692.05273,
ESP,GDP,TOT,USD_CAP,A,2011,31872.36309,
ESP,GDP,TOT,USD_CAP,A,2012,31724.78535,
ESP,GDP,TOT,USD_CAP,A,2013,32463.12368,
ESP,GDP,TOT,USD_CAP,A,2014,33558.97667,
ESP,GDP,TOT,USD_CAP,A,2015,34945.48161,
ESP,GDP,TOT,USD_CAP,A,2016,37333.06491,
ESP,GDP,TOT,USD_CAP,A,2017,39601.47963,
ESP,GDP,TOT,USD_CAP,A,2018,40776.7683,
ESP,GDP,TOT,USD_CAP,A,2019,43135.53943,
ESP,GDP,TOT,USD_CAP,A,2020,37992.36888,P
ESP,GDP,TOT,USD_CAP,A,2021,40724.03471,P
SWE,GDP,TOT,USD_CAP,A,1970,4905.915752,E
SWE,GDP,TOT,USD_CAP,A,1971,5167.957888,E
SWE,GDP,TOT,USD_CAP,A,1972,5498.453911,E
SWE,GDP,TOT,USD_CAP,A,1973,6018.780824,E
SWE,GDP,TOT,USD_CAP,A,1974,6750.296412,E
SWE,GDP,TOT,USD_CAP,A,1975,7535.215125,E
SWE,GDP,TOT,USD_CAP,A,1976,8004.7114,E
SWE,GDP,TOT,USD_CAP,A,1977,8336.952942,E
SWE,GDP,TOT,USD_CAP,A,1978,9053.323046,E
SWE,GDP,TOT,USD_CAP,A,1979,10157.60552,E
SWE,GDP,TOT,USD_CAP,A,1980,11241.73777,E
SWE,GDP,TOT,USD_CAP,A,1981,12346.55879,E
SWE,GDP,TOT,USD_CAP,A,1982,13265.08235,E
SWE,GDP,TOT,USD_CAP,A,1983,14039.89762,E
SWE,GDP,TOT,USD_CAP,A,1984,15147.11287,E
SWE,GDP,TOT,USD_CAP,A,1985,15938.86127,E
SWE,GDP,TOT,USD_CAP,A,1986,16657.56101,E
SWE,GDP,TOT,USD_CAP,A,1987,17583.13367,E
SWE,GDP,TOT,USD_CAP,A,1988,18585.10035,E
SWE,GDP,TOT,USD_CAP,A,1989,19693.37916,E
SWE,GDP,TOT,USD_CAP,A,1990,20426.01873,E
SWE,GDP,TOT,USD_CAP,A,1991,20734.27928,E
SWE,GDP,TOT,USD_CAP,A,1992,20837.76572,E
SWE,GDP,TOT,USD_CAP,A,1993,20769.58019,
SWE,GDP,TOT,USD_CAP,A,1994,21890.84587,
SWE,GDP,TOT,USD_CAP,A,1995,23107.80285,
SWE,GDP,TOT,USD_CAP,A,1996,23934.63679,
SWE,GDP,TOT,USD_CAP,A,1997,24806.21109,
SWE,GDP,TOT,USD_CAP,A,1998,25888.9416,
SWE,GDP,TOT,USD_CAP,A,1999,27471.4765,
SWE,GDP,TOT,USD_CAP,A,2000,29622.3661,
SWE,GDP,TOT,USD_CAP,A,2001,29932.17465,
SWE,GDP,TOT,USD_CAP,A,2002,30926.361,
SWE,GDP,TOT,USD_CAP,A,2003,31816.34059,
SWE,GDP,TOT,USD_CAP,A,2004,33858.90731,
SWE,GDP,TOT,USD_CAP,A,2005,34244.35929,
SWE,GDP,TOT,USD_CAP,A,2006,37724.67254,
SWE,GDP,TOT,USD_CAP,A,2007,40909.68262,
SWE,GDP,TOT,USD_CAP,A,2008,42158.29643,
SWE,GDP,TOT,USD_CAP,A,2009,40281.63109,
SWE,GDP,TOT,USD_CAP,A,2010,42223.3124,
SWE,GDP,TOT,USD_CAP,A,2011,44608.58489,
SWE,GDP,TOT,USD_CAP,A,2012,45432.43101,
SWE,GDP,TOT,USD_CAP,A,2013,46312.3974,
SWE,GDP,TOT,USD_CAP,A,2014,47184.67317,
SWE,GDP,TOT,USD_CAP,A,2015,49103.13195,
SWE,GDP,TOT,USD_CAP,A,2016,50430.25079,
SWE,GDP,TOT,USD_CAP,A,2017,51947.95578,
SWE,GDP,TOT,USD_CAP,A,2018,53521.63578,
SWE,GDP,TOT,USD_CAP,A,2019,56404.03236,
SWE,GDP,TOT,USD_CAP,A,2020,56135.14136,
SWE,GDP,TOT,USD_CAP,A,2021,59973.96884,
EST,GDP,TOT,USD_CAP,A,1993,5745.887815,E
EST,GDP,TOT,USD_CAP,A,1994,5906.246185,E
EST,GDP,TOT,USD_CAP,A,1995,6428.848583,
EST,GDP,TOT,USD_CAP,A,1996,6845.404872,
EST,GDP,TOT,USD_CAP,A,1997,7942.85324,
EST,GDP,TOT,USD_CAP,A,1998,8408.842849,
EST,GDP,TOT,USD_CAP,A,1999,8479.421302,
EST,GDP,TOT,USD_CAP,A,2000,9393.571268,
EST,GDP,TOT,USD_CAP,A,2001,10281.92467,
EST,GDP,TOT,USD_CAP,A,2002,11628.29595,
EST,GDP,TOT,USD_CAP,A,2003,13090.35094,
EST,GDP,TOT,USD_CAP,A,2004,14496.52372,
EST,GDP,TOT,USD_CAP,A,2005,16584.41109,
EST,GDP,TOT,USD_CAP,A,2006,19286.7924,
EST,GDP,TOT,USD_CAP,A,2007,22160.97259,
EST,GDP,TOT,USD_CAP,A,2008,22780.0071,
EST,GDP,TOT,USD_CAP,A,2009,20460.80316,
EST,GDP,TOT,USD_CAP,A,2010,21589.56589,
EST,GDP,TOT,USD_CAP,A,2011,24515.48857,
EST,GDP,TOT,USD_CAP,A,2012,25946.94489,
EST,GDP,TOT,USD_CAP,A,2013,27418.68964,
EST,GDP,TOT,USD_CAP,A,2014,28917.83366,
EST,GDP,TOT,USD_CAP,A,2015,29222.74808,
EST,GDP,TOT,USD_CAP,A,2016,31310.1521,
EST,GDP,TOT,USD_CAP,A,2017,33867.80354,
EST,GDP,TOT,USD_CAP,A,2018,36488.63742,
EST,GDP,TOT,USD_CAP,A,2019,39068.18369,
EST,GDP,TOT,USD_CAP,A,2020,39456.8121,
EST,GDP,TOT,USD_CAP,A,2021,43494.06995,
SVN,GDP,TOT,USD_CAP,A,1995,13636.63955,
SVN,GDP,TOT,USD_CAP,A,1996,14299.80149,
SVN,GDP,TOT,USD_CAP,A,1997,15280.24405,
SVN,GDP,TOT,USD_CAP,A,1998,16050.9211,
SVN,GDP,TOT,USD_CAP,A,1999,17077.48506,
SVN,GDP,TOT,USD_CAP,A,2000,17999.43369,
SVN,GDP,TOT,USD_CAP,A,2001,18952.20994,
SVN,GDP,TOT,USD_CAP,A,2002,20236.43207,
SVN,GDP,TOT,USD_CAP,A,2003,21107.52153,
SVN,GDP,TOT,USD_CAP,A,2004,22758.1137,
SVN,GDP,TOT,USD_CAP,A,2005,23848.60242,
SVN,GDP,TOT,USD_CAP,A,2006,25704.13566,
SVN,GDP,TOT,USD_CAP,A,2007,27563.04279,
SVN,GDP,TOT,USD_CAP,A,2008,29594.66584,B
SVN,GDP,TOT,USD_CAP,A,2009,27512.36323,
SVN,GDP,TOT,USD_CAP,A,2010,27823.25543,
SVN,GDP,TOT,USD_CAP,A,2011,28931.42364,
SVN,GDP,TOT,USD_CAP,A,2012,29048.326,
SVN,GDP,TOT,USD_CAP,A,2013,29979.61884,
SVN,GDP,TOT,USD_CAP,A,2014,30872.72888,
SVN,GDP,TOT,USD_CAP,A,2015,31631.83838,
SVN,GDP,TOT,USD_CAP,A,2016,33942.76789,
SVN,GDP,TOT,USD_CAP,A,2017,36517.57927,
SVN,GDP,TOT,USD_CAP,A,2018,39008.29705,
SVN,GDP,TOT,USD_CAP,A,2019,42075.85641,
SVN,GDP,TOT,USD_CAP,A,2020,40860.47078,
SVN,GDP,TOT,USD_CAP,A,2021,43970.37147,
LVA,GDP,TOT,USD_CAP,A,1995,5517.94357,
LVA,GDP,TOT,USD_CAP,A,1996,5809.057191,
LVA,GDP,TOT,USD_CAP,A,1997,6487.593048,
LVA,GDP,TOT,USD_CAP,A,1998,7068.534438,
LVA,GDP,TOT,USD_CAP,A,1999,7405.779063,
LVA,GDP,TOT,USD_CAP,A,2000,8040.372357,
LVA,GDP,TOT,USD_CAP,A,2001,9043.901208,
LVA,GDP,TOT,USD_CAP,A,2002,10080.30752,
LVA,GDP,TOT,USD_CAP,A,2003,11060.83901,
LVA,GDP,TOT,USD_CAP,A,2004,12279.38528,
LVA,GDP,TOT,USD_CAP,A,2005,13914.15508,
LVA,GDP,TOT,USD_CAP,A,2006,15854.81228,
LVA,GDP,TOT,USD_CAP,A,2007,18232.8179,
LVA,GDP,TOT,USD_CAP,A,2008,19569.5267,
LVA,GDP,TOT,USD_CAP,A,2009,17022.09047,
LVA,GDP,TOT,USD_CAP,A,2010,17709.02655,
LVA,GDP,TOT,USD_CAP,A,2011,19256.79533,
LVA,GDP,TOT,USD_CAP,A,2012,21297.47262,
LVA,GDP,TOT,USD_CAP,A,2013,22637.19745,
LVA,GDP,TOT,USD_CAP,A,2014,23810.21837,
LVA,GDP,TOT,USD_CAP,A,2015,24975.47975,
LVA,GDP,TOT,USD_CAP,A,2016,26724.45983,
LVA,GDP,TOT,USD_CAP,A,2017,28689.61747,
LVA,GDP,TOT,USD_CAP,A,2018,30891.88419,
LVA,GDP,TOT,USD_CAP,A,2019,32938.58231,
LVA,GDP,TOT,USD_CAP,A,2020,33008.22564,
LVA,GDP,TOT,USD_CAP,A,2021,35150.05416,
LTU,GDP,TOT,USD_CAP,A,1995,5930.846377,
LTU,GDP,TOT,USD_CAP,A,1996,6385.733912,
LTU,GDP,TOT,USD_CAP,A,1997,7069.558669,
LTU,GDP,TOT,USD_CAP,A,1998,7762.979223,
LTU,GDP,TOT,USD_CAP,A,1999,7820.787732,
LTU,GDP,TOT,USD_CAP,A,2000,8447.107442,
LTU,GDP,TOT,USD_CAP,A,2001,9437.521231,
LTU,GDP,TOT,USD_CAP,A,2002,10480.70531,
LTU,GDP,TOT,USD_CAP,A,2003,12068.24375,
LTU,GDP,TOT,USD_CAP,A,2004,13030.52094,
LTU,GDP,TOT,USD_CAP,A,2005,14510.71794,
LTU,GDP,TOT,USD_CAP,A,2006,16481.42826,
LTU,GDP,TOT,USD_CAP,A,2007,19096.72955,
LTU,GDP,TOT,USD_CAP,A,2008,20721.02819,
LTU,GDP,TOT,USD_CAP,A,2009,18117.65973,
LTU,GDP,TOT,USD_CAP,A,2010,20096.63115,
LTU,GDP,TOT,USD_CAP,A,2011,22884.94508,
LTU,GDP,TOT,USD_CAP,A,2012,24703.69794,
LTU,GDP,TOT,USD_CAP,A,2013,26721.60193,
LTU,GDP,TOT,USD_CAP,A,2014,28184.49909,
LTU,GDP,TOT,USD_CAP,A,2015,28834.45757,
LTU,GDP,TOT,USD_CAP,A,2016,30925.15181,
LTU,GDP,TOT,USD_CAP,A,2017,33761.9066,
LTU,GDP,TOT,USD_CAP,A,2018,36376.53574,
LTU,GDP,TOT,USD_CAP,A,2019,39950.76049,
LTU,GDP,TOT,USD_CAP,A,2020,40124.47344,
LTU,GDP,TOT,USD_CAP,A,2021,43688.01374,
BGR,GDP,TOT,USD_CAP,A,1995,7743.454898,
BGR,GDP,TOT,USD_CAP,A,1996,6848.973755,
BGR,GDP,TOT,USD_CAP,A,1997,5750.536954,
BGR,GDP,TOT,USD_CAP,A,1998,6177.96293,
BGR,GDP,TOT,USD_CAP,A,1999,5807.79884,
BGR,GDP,TOT,USD_CAP,A,2000,6422.840204,
BGR,GDP,TOT,USD_CAP,A,2001,7044.384802,
BGR,GDP,TOT,USD_CAP,A,2002,7755.004951,
BGR,GDP,TOT,USD_CAP,A,2003,8365.517212,
BGR,GDP,TOT,USD_CAP,A,2004,9125.494978,
BGR,GDP,TOT,USD_CAP,A,2005,10183.85561,
BGR,GDP,TOT,USD_CAP,A,2006,11261.22503,
BGR,GDP,TOT,USD_CAP,A,2007,12621.43681,
BGR,GDP,TOT,USD_CAP,A,2008,14089.64798,
BGR,GDP,TOT,USD_CAP,A,2009,13918.8399,
BGR,GDP,TOT,USD_CAP,A,2010,14681.04812,
BGR,GDP,TOT,USD_CAP,A,2011,15747.10364,
BGR,GDP,TOT,USD_CAP,A,2012,16327.88581,
BGR,GDP,TOT,USD_CAP,A,2013,16647.05582,
BGR,GDP,TOT,USD_CAP,A,2014,17616.82405,
BGR,GDP,TOT,USD_CAP,A,2015,18391.89874,
BGR,GDP,TOT,USD_CAP,A,2016,20074.36397,
BGR,GDP,TOT,USD_CAP,A,2017,21469.90094,
BGR,GDP,TOT,USD_CAP,A,2018,23015.89875,
BGR,GDP,TOT,USD_CAP,A,2019,25169.908,
BGR,GDP,TOT,USD_CAP,A,2020,25167.30553,
BGR,GDP,TOT,USD_CAP,A,2021,26793.30983,P
HRV,GDP,TOT,USD_CAP,A,1995,8054.486828,E
HRV,GDP,TOT,USD_CAP,A,1996,8804.328633,E
HRV,GDP,TOT,USD_CAP,A,1997,9534.308165,E
HRV,GDP,TOT,USD_CAP,A,1998,9887.514194,E
HRV,GDP,TOT,USD_CAP,A,1999,9939.959321,E
HRV,GDP,TOT,USD_CAP,A,2000,10669.44411,E
HRV,GDP,TOT,USD_CAP,A,2001,11648.25344,B
HRV,GDP,TOT,USD_CAP,A,2002,12765.07781,
HRV,GDP,TOT,USD_CAP,A,2003,13690.48661,
HRV,GDP,TOT,USD_CAP,A,2004,14681.80348,
HRV,GDP,TOT,USD_CAP,A,2005,15449.69658,
HRV,GDP,TOT,USD_CAP,A,2006,17604.32505,
HRV,GDP,TOT,USD_CAP,A,2007,19515.99353,
HRV,GDP,TOT,USD_CAP,A,2008,20972.69096,
HRV,GDP,TOT,USD_CAP,A,2009,20221.94531,
HRV,GDP,TOT,USD_CAP,A,2010,20044.03904,
HRV,GDP,TOT,USD_CAP,A,2011,21082.7495,
HRV,GDP,TOT,USD_CAP,A,2012,21456.20644,
HRV,GDP,TOT,USD_CAP,A,2013,22141.10676,
HRV,GDP,TOT,USD_CAP,A,2014,22373.07471,
HRV,GDP,TOT,USD_CAP,A,2015,23313.87772,
HRV,GDP,TOT,USD_CAP,A,2016,25271.87513,
HRV,GDP,TOT,USD_CAP,A,2017,27171.78466,
HRV,GDP,TOT,USD_CAP,A,2018,28887.86225,
HRV,GDP,TOT,USD_CAP,A,2019,31572.72929,
HRV,GDP,TOT,USD_CAP,A,2020,29690.20613,
HRV,GDP,TOT,USD_CAP,A,2021,34022.5503,P
CYP,GDP,TOT,USD_CAP,A,1995,17097.59188,
CYP,GDP,TOT,USD_CAP,A,1996,17320.52147,
CYP,GDP,TOT,USD_CAP,A,1997,17781.30978,
CYP,GDP,TOT,USD_CAP,A,1998,18759.37381,
CYP,GDP,TOT,USD_CAP,A,1999,19662.17101,
CYP,GDP,TOT,USD_CAP,A,2000,21292.18157,
CYP,GDP,TOT,USD_CAP,A,2001,22866.97721,
CYP,GDP,TOT,USD_CAP,A,2002,23556.88668,
CYP,GDP,TOT,USD_CAP,A,2003,24280.93456,
CYP,GDP,TOT,USD_CAP,A,2004,25944.86772,
CYP,GDP,TOT,USD_CAP,A,2005,27763.24693,
CYP,GDP,TOT,USD_CAP,A,2006,30010.89447,
CYP,GDP,TOT,USD_CAP,A,2007,32885.403,
CYP,GDP,TOT,USD_CAP,A,2008,34830.19671,
CYP,GDP,TOT,USD_CAP,A,2009,33886.59393,
CYP,GDP,TOT,USD_CAP,A,2010,33423.26885,
CYP,GDP,TOT,USD_CAP,A,2011,33313.57767,
CYP,GDP,TOT,USD_CAP,A,2012,31834.62885,
CYP,GDP,TOT,USD_CAP,A,2013,30375.23698,
CYP,GDP,TOT,USD_CAP,A,2014,30080.14296,
CYP,GDP,TOT,USD_CAP,A,2015,31815.34124,
CYP,GDP,TOT,USD_CAP,A,2016,35719.10992,
CYP,GDP,TOT,USD_CAP,A,2017,38288.00138,
CYP,GDP,TOT,USD_CAP,A,2018,40559.10544,
CYP,GDP,TOT,USD_CAP,A,2019,43722.86187,
CYP,GDP,TOT,USD_CAP,A,2020,40897.78054,P
CYP,GDP,TOT,USD_CAP,A,2021,43317.90452,P
MLT,GDP,TOT,USD_CAP,A,1995,13978.3377,
MLT,GDP,TOT,USD_CAP,A,1996,14658.03573,
MLT,GDP,TOT,USD_CAP,A,1997,15491.74338,
MLT,GDP,TOT,USD_CAP,A,1998,16221.94449,
MLT,GDP,TOT,USD_CAP,A,1999,16941.77592,
MLT,GDP,TOT,USD_CAP,A,2000,18363.89457,
MLT,GDP,TOT,USD_CAP,A,2001,18510.39417,
MLT,GDP,TOT,USD_CAP,A,2002,19601.62978,
MLT,GDP,TOT,USD_CAP,A,2003,20931.27064,
MLT,GDP,TOT,USD_CAP,A,2004,21551.29505,
MLT,GDP,TOT,USD_CAP,A,2005,22308.71913,
MLT,GDP,TOT,USD_CAP,A,2006,23320.75424,
MLT,GDP,TOT,USD_CAP,A,2007,25061.15923,
MLT,GDP,TOT,USD_CAP,A,2008,26523.72619,
MLT,GDP,TOT,USD_CAP,A,2009,26652.56358,
MLT,GDP,TOT,USD_CAP,A,2010,28725.10635,
MLT,GDP,TOT,USD_CAP,A,2011,28973.04532,
MLT,GDP,TOT,USD_CAP,A,2012,30241.42175,
MLT,GDP,TOT,USD_CAP,A,2013,32287.91136,
MLT,GDP,TOT,USD_CAP,A,2014,34318.33368,
MLT,GDP,TOT,USD_CAP,A,2015,37430.60574,
MLT,GDP,TOT,USD_CAP,A,2016,39678.50108,
MLT,GDP,TOT,USD_CAP,A,2017,43463.2491,
MLT,GDP,TOT,USD_CAP,A,2018,45504.31282,
MLT,GDP,TOT,USD_CAP,A,2019,48672.89645,
MLT,GDP,TOT,USD_CAP,A,2020,44509.30479,
MLT,GDP,TOT,USD_CAP,A,2021,48726.13811,
ROU,GDP,TOT,USD_CAP,A,1995,5430.22037,
ROU,GDP,TOT,USD_CAP,A,1996,5748.549253,
ROU,GDP,TOT,USD_CAP,A,1997,5566.17459,
ROU,GDP,TOT,USD_CAP,A,1998,5545.694213,
ROU,GDP,TOT,USD_CAP,A,1999,5599.947562,
ROU,GDP,TOT,USD_CAP,A,2000,5850.908021,
ROU,GDP,TOT,USD_CAP,A,2001,6439.287795,
ROU,GDP,TOT,USD_CAP,A,2002,7180.411394,
ROU,GDP,TOT,USD_CAP,A,2003,7560.299928,
ROU,GDP,TOT,USD_CAP,A,2004,8990.324885,B
ROU,GDP,TOT,USD_CAP,A,2005,9602.147673,
ROU,GDP,TOT,USD_CAP,A,2006,11554.90252,
ROU,GDP,TOT,USD_CAP,A,2007,13701.67517,
ROU,GDP,TOT,USD_CAP,A,2008,16782.15563,
ROU,GDP,TOT,USD_CAP,A,2009,16632.74353,
ROU,GDP,TOT,USD_CAP,A,2010,16976.19512,
ROU,GDP,TOT,USD_CAP,A,2011,17896.23344,
ROU,GDP,TOT,USD_CAP,A,2012,18867.56154,
ROU,GDP,TOT,USD_CAP,A,2013,19777.04784,
ROU,GDP,TOT,USD_CAP,A,2014,20649.84206,
ROU,GDP,TOT,USD_CAP,A,2015,21598.66993,
ROU,GDP,TOT,USD_CAP,A,2016,24266.36176,
ROU,GDP,TOT,USD_CAP,A,2017,27135.97706,
ROU,GDP,TOT,USD_CAP,A,2018,29337.90318,
ROU,GDP,TOT,USD_CAP,A,2019,32909.56616,
ROU,GDP,TOT,USD_CAP,A,2020,33080.12813,P
ROU,GDP,TOT,USD_CAP,A,2021,35946.76546,P
EU27_2020,GDP,TOT,USD_CAP,A,1995,17791.65926,
EU27_2020,GDP,TOT,USD_CAP,A,1996,18392.53426,
EU27_2020,GDP,TOT,USD_CAP,A,1997,19110.92343,
EU27_2020,GDP,TOT,USD_CAP,A,1998,20020.25839,
EU27_2020,GDP,TOT,USD_CAP,A,1999,20801.27223,
EU27_2020,GDP,TOT,USD_CAP,A,2000,22122.12727,
EU27_2020,GDP,TOT,USD_CAP,A,2001,23215.14719,
EU27_2020,GDP,TOT,USD_CAP,A,2002,24242.11965,
EU27_2020,GDP,TOT,USD_CAP,A,2003,24761.51761,
EU27_2020,GDP,TOT,USD_CAP,A,2004,25923.55842,
EU27_2020,GDP,TOT,USD_CAP,A,2005,26870.72963,
EU27_2020,GDP,TOT,USD_CAP,A,2006,29183.78032,
EU27_2020,GDP,TOT,USD_CAP,A,2007,31098.82855,
EU27_2020,GDP,TOT,USD_CAP,A,2008,32553.21452,
EU27_2020,GDP,TOT,USD_CAP,A,2009,31852.41003,
EU27_2020,GDP,TOT,USD_CAP,A,2010,32900.83702,
EU27_2020,GDP,TOT,USD_CAP,A,2011,34428.68455,
EU27_2020,GDP,TOT,USD_CAP,A,2012,34897.82955,
EU27_2020,GDP,TOT,USD_CAP,A,2013,36044.61893,
EU27_2020,GDP,TOT,USD_CAP,A,2014,37087.03871,
EU27_2020,GDP,TOT,USD_CAP,A,2015,38247.67305,
EU27_2020,GDP,TOT,USD_CAP,A,2016,40574.51638,
EU27_2020,GDP,TOT,USD_CAP,A,2017,42684.00982,
EU27_2020,GDP,TOT,USD_CAP,A,2018,44665.78926,
EU27_2020,GDP,TOT,USD_CAP,A,2019,47441.01778,
EU27_2020,GDP,TOT,USD_CAP,A,2020,45835.61718,
EU27_2020,GDP,TOT,USD_CAP,A,2021,48900.16236,
